[
{
  "model": "quiz.exam",
  "pk": 13,
  "fields": {
    "create_timestamp": "2022-06-22T07:39:11.652Z",
    "update_timestamp": "2022-06-22T07:54:22.648Z",
    "uuid": "ff9d76e9-877d-469e-a9b1-48cd094d56cb",
    "title": "Math Add",
    "description": "Test for addition\r\nGood luck!!",
    "level": 0
  }
},
{
  "model": "quiz.exam",
  "pk": 14,
  "fields": {
    "create_timestamp": "2022-06-22T07:42:11.165Z",
    "update_timestamp": "2022-06-22T07:54:38.206Z",
    "uuid": "21553495-525c-4f34-89c9-478552323aa7",
    "title": "Math Sub",
    "description": "Test for subtraction\r\nGood luck!!",
    "level": 0
  }
},
{
  "model": "quiz.exam",
  "pk": 15,
  "fields": {
    "create_timestamp": "2022-06-22T07:45:30.293Z",
    "update_timestamp": "2022-06-22T07:54:53.816Z",
    "uuid": "846002aa-ad60-449f-877f-2a1c8a2e8977",
    "title": "Math Mult",
    "description": "Test for multiplication\r\nGood luck!!",
    "level": 0
  }
},
{
  "model": "quiz.exam",
  "pk": 16,
  "fields": {
    "create_timestamp": "2022-06-22T07:50:32.422Z",
    "update_timestamp": "2022-06-22T07:53:49.449Z",
    "uuid": "2cafd13e-3590-437d-a996-312537d8c601",
    "title": "Math Middle",
    "description": "Test for addition, subtraction, multiplication, division.\r\nGood luck!!",
    "level": 1
  }
},
{
  "model": "quiz.question",
  "pk": 46,
  "fields": {
    "create_timestamp": "2022-06-22T07:39:11.654Z",
    "update_timestamp": "2022-06-22T08:25:58.914Z",
    "exam": 13,
    "order_num": 1,
    "text": "2 + 2 = ?",
    "image": ""
  }
},
{
  "model": "quiz.question",
  "pk": 47,
  "fields": {
    "create_timestamp": "2022-06-22T07:39:11.655Z",
    "update_timestamp": "2022-06-22T08:26:24.701Z",
    "exam": 13,
    "order_num": 2,
    "text": "24 +65 =?",
    "image": ""
  }
},
{
  "model": "quiz.question",
  "pk": 48,
  "fields": {
    "create_timestamp": "2022-06-22T07:39:11.655Z",
    "update_timestamp": "2022-06-22T08:26:52.040Z",
    "exam": 13,
    "order_num": 3,
    "text": "31 + 71 = ?",
    "image": ""
  }
},
{
  "model": "quiz.question",
  "pk": 49,
  "fields": {
    "create_timestamp": "2022-06-22T07:39:11.655Z",
    "update_timestamp": "2022-06-22T08:27:15.504Z",
    "exam": 13,
    "order_num": 4,
    "text": "23 + 42 = ?",
    "image": ""
  }
},
{
  "model": "quiz.question",
  "pk": 50,
  "fields": {
    "create_timestamp": "2022-06-22T07:39:11.656Z",
    "update_timestamp": "2022-06-22T08:27:40.964Z",
    "exam": 13,
    "order_num": 5,
    "text": "41 + 17 = ?",
    "image": ""
  }
},
{
  "model": "quiz.question",
  "pk": 51,
  "fields": {
    "create_timestamp": "2022-06-22T07:39:11.656Z",
    "update_timestamp": "2022-06-22T08:28:08.031Z",
    "exam": 13,
    "order_num": 6,
    "text": "65 + 37 = ?",
    "image": ""
  }
},
{
  "model": "quiz.question",
  "pk": 52,
  "fields": {
    "create_timestamp": "2022-06-22T07:39:11.657Z",
    "update_timestamp": "2022-06-22T08:25:39.994Z",
    "exam": 13,
    "order_num": 7,
    "text": "65 + 12 = ?",
    "image": ""
  }
},
{
  "model": "quiz.question",
  "pk": 53,
  "fields": {
    "create_timestamp": "2022-06-22T07:39:11.657Z",
    "update_timestamp": "2022-06-22T08:25:12.474Z",
    "exam": 13,
    "order_num": 8,
    "text": "32 + 75 = ?",
    "image": ""
  }
},
{
  "model": "quiz.question",
  "pk": 54,
  "fields": {
    "create_timestamp": "2022-06-22T07:39:11.657Z",
    "update_timestamp": "2022-06-22T08:24:36.673Z",
    "exam": 13,
    "order_num": 9,
    "text": "75 + 48 = ?",
    "image": ""
  }
},
{
  "model": "quiz.question",
  "pk": 55,
  "fields": {
    "create_timestamp": "2022-06-22T07:39:11.658Z",
    "update_timestamp": "2022-06-22T08:23:50.221Z",
    "exam": 13,
    "order_num": 10,
    "text": "85 + 44 = ?",
    "image": ""
  }
},
{
  "model": "quiz.question",
  "pk": 56,
  "fields": {
    "create_timestamp": "2022-06-22T07:42:11.166Z",
    "update_timestamp": "2022-06-22T08:23:13.782Z",
    "exam": 14,
    "order_num": 1,
    "text": "65 - 21 = ?",
    "image": ""
  }
},
{
  "model": "quiz.question",
  "pk": 57,
  "fields": {
    "create_timestamp": "2022-06-22T07:42:11.166Z",
    "update_timestamp": "2022-06-22T08:22:49.881Z",
    "exam": 14,
    "order_num": 2,
    "text": "87 - 38 = ?",
    "image": ""
  }
},
{
  "model": "quiz.question",
  "pk": 58,
  "fields": {
    "create_timestamp": "2022-06-22T07:42:11.167Z",
    "update_timestamp": "2022-06-22T08:22:05.998Z",
    "exam": 14,
    "order_num": 3,
    "text": "76 - 51 = ?",
    "image": ""
  }
},
{
  "model": "quiz.question",
  "pk": 59,
  "fields": {
    "create_timestamp": "2022-06-22T07:42:11.167Z",
    "update_timestamp": "2022-06-22T08:21:38.223Z",
    "exam": 14,
    "order_num": 4,
    "text": "42 - 17 = ?",
    "image": ""
  }
},
{
  "model": "quiz.question",
  "pk": 60,
  "fields": {
    "create_timestamp": "2022-06-22T07:42:11.167Z",
    "update_timestamp": "2022-06-22T08:21:01.601Z",
    "exam": 14,
    "order_num": 5,
    "text": "94 - 36 = ?",
    "image": ""
  }
},
{
  "model": "quiz.question",
  "pk": 61,
  "fields": {
    "create_timestamp": "2022-06-22T07:42:11.167Z",
    "update_timestamp": "2022-06-22T08:20:29.160Z",
    "exam": 14,
    "order_num": 6,
    "text": "46 - 27 = ?",
    "image": ""
  }
},
{
  "model": "quiz.question",
  "pk": 62,
  "fields": {
    "create_timestamp": "2022-06-22T07:42:11.168Z",
    "update_timestamp": "2022-06-22T08:09:34.666Z",
    "exam": 14,
    "order_num": 7,
    "text": "82 - 13 = ?",
    "image": ""
  }
},
{
  "model": "quiz.question",
  "pk": 63,
  "fields": {
    "create_timestamp": "2022-06-22T07:42:11.168Z",
    "update_timestamp": "2022-06-22T08:09:04.506Z",
    "exam": 14,
    "order_num": 8,
    "text": "71 - 48 = ?",
    "image": ""
  }
},
{
  "model": "quiz.question",
  "pk": 64,
  "fields": {
    "create_timestamp": "2022-06-22T07:42:11.168Z",
    "update_timestamp": "2022-06-22T08:08:36.865Z",
    "exam": 14,
    "order_num": 9,
    "text": "24 - 21 = ?",
    "image": ""
  }
},
{
  "model": "quiz.question",
  "pk": 65,
  "fields": {
    "create_timestamp": "2022-06-22T07:42:11.169Z",
    "update_timestamp": "2022-06-22T08:07:59.682Z",
    "exam": 14,
    "order_num": 10,
    "text": "121 - 35 = ?",
    "image": ""
  }
},
{
  "model": "quiz.question",
  "pk": 66,
  "fields": {
    "create_timestamp": "2022-06-22T07:45:30.293Z",
    "update_timestamp": "2022-06-22T08:07:21.517Z",
    "exam": 15,
    "order_num": 1,
    "text": "9 * 10 = ?",
    "image": ""
  }
},
{
  "model": "quiz.question",
  "pk": 67,
  "fields": {
    "create_timestamp": "2022-06-22T07:45:30.294Z",
    "update_timestamp": "2022-06-22T08:07:05.370Z",
    "exam": 15,
    "order_num": 2,
    "text": "2 * 9 = ?",
    "image": ""
  }
},
{
  "model": "quiz.question",
  "pk": 68,
  "fields": {
    "create_timestamp": "2022-06-22T07:45:30.294Z",
    "update_timestamp": "2022-06-22T08:06:44.592Z",
    "exam": 15,
    "order_num": 3,
    "text": "9 * 8 = ?",
    "image": ""
  }
},
{
  "model": "quiz.question",
  "pk": 69,
  "fields": {
    "create_timestamp": "2022-06-22T07:45:30.295Z",
    "update_timestamp": "2022-06-22T08:06:03.252Z",
    "exam": 15,
    "order_num": 4,
    "text": "6 * 5 = ?",
    "image": ""
  }
},
{
  "model": "quiz.question",
  "pk": 70,
  "fields": {
    "create_timestamp": "2022-06-22T07:45:30.295Z",
    "update_timestamp": "2022-06-22T08:05:38.076Z",
    "exam": 15,
    "order_num": 5,
    "text": "3 * 9 = ?",
    "image": ""
  }
},
{
  "model": "quiz.question",
  "pk": 71,
  "fields": {
    "create_timestamp": "2022-06-22T07:45:30.296Z",
    "update_timestamp": "2022-06-22T08:05:11.571Z",
    "exam": 15,
    "order_num": 6,
    "text": "7 * 3 = ?",
    "image": ""
  }
},
{
  "model": "quiz.question",
  "pk": 72,
  "fields": {
    "create_timestamp": "2022-06-22T07:45:30.296Z",
    "update_timestamp": "2022-06-22T08:04:44.387Z",
    "exam": 15,
    "order_num": 7,
    "text": "3 * 4 = ?",
    "image": ""
  }
},
{
  "model": "quiz.question",
  "pk": 73,
  "fields": {
    "create_timestamp": "2022-06-22T07:45:30.297Z",
    "update_timestamp": "2022-06-22T08:04:15.263Z",
    "exam": 15,
    "order_num": 8,
    "text": "8 * 4 = ?",
    "image": ""
  }
},
{
  "model": "quiz.question",
  "pk": 74,
  "fields": {
    "create_timestamp": "2022-06-22T07:45:30.299Z",
    "update_timestamp": "2022-06-22T08:03:49.933Z",
    "exam": 15,
    "order_num": 9,
    "text": "5 * 9 = ?",
    "image": ""
  }
},
{
  "model": "quiz.question",
  "pk": 75,
  "fields": {
    "create_timestamp": "2022-06-22T07:45:30.299Z",
    "update_timestamp": "2022-06-22T08:03:27.222Z",
    "exam": 15,
    "order_num": 10,
    "text": "7 * 6 = ?",
    "image": ""
  }
},
{
  "model": "quiz.question",
  "pk": 76,
  "fields": {
    "create_timestamp": "2022-06-22T07:50:32.424Z",
    "update_timestamp": "2022-06-22T08:02:57.905Z",
    "exam": 16,
    "order_num": 1,
    "text": "97 + 171= ?",
    "image": ""
  }
},
{
  "model": "quiz.question",
  "pk": 77,
  "fields": {
    "create_timestamp": "2022-06-22T07:50:32.427Z",
    "update_timestamp": "2022-06-22T08:02:11.566Z",
    "exam": 16,
    "order_num": 2,
    "text": "120 / 8 = ?",
    "image": ""
  }
},
{
  "model": "quiz.question",
  "pk": 78,
  "fields": {
    "create_timestamp": "2022-06-22T07:50:32.428Z",
    "update_timestamp": "2022-06-22T08:01:40.695Z",
    "exam": 16,
    "order_num": 3,
    "text": "11 * 25 = ?",
    "image": ""
  }
},
{
  "model": "quiz.question",
  "pk": 79,
  "fields": {
    "create_timestamp": "2022-06-22T07:50:32.428Z",
    "update_timestamp": "2022-06-22T08:01:10.977Z",
    "exam": 16,
    "order_num": 4,
    "text": "241 + 325 = ?",
    "image": ""
  }
},
{
  "model": "quiz.question",
  "pk": 80,
  "fields": {
    "create_timestamp": "2022-06-22T07:50:32.429Z",
    "update_timestamp": "2022-06-22T08:00:38.160Z",
    "exam": 16,
    "order_num": 5,
    "text": "36 - 94 = ?",
    "image": ""
  }
},
{
  "model": "quiz.question",
  "pk": 81,
  "fields": {
    "create_timestamp": "2022-06-22T07:50:32.430Z",
    "update_timestamp": "2022-06-22T07:59:44.321Z",
    "exam": 16,
    "order_num": 6,
    "text": "421 * 2 = ?",
    "image": ""
  }
},
{
  "model": "quiz.question",
  "pk": 82,
  "fields": {
    "create_timestamp": "2022-06-22T07:50:32.431Z",
    "update_timestamp": "2022-06-22T07:59:06.514Z",
    "exam": 16,
    "order_num": 7,
    "text": "157 + 261 = ?",
    "image": ""
  }
},
{
  "model": "quiz.question",
  "pk": 83,
  "fields": {
    "create_timestamp": "2022-06-22T07:50:32.431Z",
    "update_timestamp": "2022-06-22T07:58:08.635Z",
    "exam": 16,
    "order_num": 8,
    "text": "260 / 3 = ?",
    "image": ""
  }
},
{
  "model": "quiz.question",
  "pk": 84,
  "fields": {
    "create_timestamp": "2022-06-22T07:50:32.432Z",
    "update_timestamp": "2022-06-22T07:57:35.806Z",
    "exam": 16,
    "order_num": 9,
    "text": "8 * 20 = ?",
    "image": ""
  }
},
{
  "model": "quiz.question",
  "pk": 85,
  "fields": {
    "create_timestamp": "2022-06-22T07:50:32.432Z",
    "update_timestamp": "2022-06-22T07:57:03.393Z",
    "exam": 16,
    "order_num": 10,
    "text": "751 - 351 = ?",
    "image": ""
  }
},
{
  "model": "quiz.choice",
  "pk": 1,
  "fields": {
    "question": 85,
    "text": "51",
    "is_correct": false
  }
},
{
  "model": "quiz.choice",
  "pk": 2,
  "fields": {
    "question": 85,
    "text": "351",
    "is_correct": false
  }
},
{
  "model": "quiz.choice",
  "pk": 3,
  "fields": {
    "question": 85,
    "text": "400",
    "is_correct": true
  }
},
{
  "model": "quiz.choice",
  "pk": 4,
  "fields": {
    "question": 85,
    "text": "751",
    "is_correct": false
  }
},
{
  "model": "quiz.choice",
  "pk": 5,
  "fields": {
    "question": 84,
    "text": "160",
    "is_correct": true
  }
},
{
  "model": "quiz.choice",
  "pk": 6,
  "fields": {
    "question": 84,
    "text": "251",
    "is_correct": false
  }
},
{
  "model": "quiz.choice",
  "pk": 7,
  "fields": {
    "question": 84,
    "text": "200",
    "is_correct": false
  }
},
{
  "model": "quiz.choice",
  "pk": 8,
  "fields": {
    "question": 84,
    "text": "106",
    "is_correct": false
  }
},
{
  "model": "quiz.choice",
  "pk": 9,
  "fields": {
    "question": 83,
    "text": "320",
    "is_correct": false
  }
},
{
  "model": "quiz.choice",
  "pk": 10,
  "fields": {
    "question": 83,
    "text": "120",
    "is_correct": true
  }
},
{
  "model": "quiz.choice",
  "pk": 11,
  "fields": {
    "question": 83,
    "text": "130",
    "is_correct": false
  }
},
{
  "model": "quiz.choice",
  "pk": 12,
  "fields": {
    "question": 83,
    "text": "13",
    "is_correct": false
  }
},
{
  "model": "quiz.choice",
  "pk": 13,
  "fields": {
    "question": 82,
    "text": "518",
    "is_correct": false
  }
},
{
  "model": "quiz.choice",
  "pk": 14,
  "fields": {
    "question": 82,
    "text": "318",
    "is_correct": false
  }
},
{
  "model": "quiz.choice",
  "pk": 15,
  "fields": {
    "question": 82,
    "text": "415",
    "is_correct": false
  }
},
{
  "model": "quiz.choice",
  "pk": 16,
  "fields": {
    "question": 82,
    "text": "418",
    "is_correct": true
  }
},
{
  "model": "quiz.choice",
  "pk": 17,
  "fields": {
    "question": 81,
    "text": "84",
    "is_correct": false
  }
},
{
  "model": "quiz.choice",
  "pk": 18,
  "fields": {
    "question": 81,
    "text": "844",
    "is_correct": false
  }
},
{
  "model": "quiz.choice",
  "pk": 19,
  "fields": {
    "question": 81,
    "text": "842",
    "is_correct": true
  }
},
{
  "model": "quiz.choice",
  "pk": 20,
  "fields": {
    "question": 81,
    "text": "848",
    "is_correct": false
  }
},
{
  "model": "quiz.choice",
  "pk": 21,
  "fields": {
    "question": 80,
    "text": "-58",
    "is_correct": true
  }
},
{
  "model": "quiz.choice",
  "pk": 22,
  "fields": {
    "question": 80,
    "text": "-36",
    "is_correct": false
  }
},
{
  "model": "quiz.choice",
  "pk": 23,
  "fields": {
    "question": 80,
    "text": "-98",
    "is_correct": false
  }
},
{
  "model": "quiz.choice",
  "pk": 24,
  "fields": {
    "question": 80,
    "text": "130",
    "is_correct": false
  }
},
{
  "model": "quiz.choice",
  "pk": 25,
  "fields": {
    "question": 79,
    "text": "568",
    "is_correct": false
  }
},
{
  "model": "quiz.choice",
  "pk": 26,
  "fields": {
    "question": 79,
    "text": "466",
    "is_correct": false
  }
},
{
  "model": "quiz.choice",
  "pk": 27,
  "fields": {
    "question": 79,
    "text": "468",
    "is_correct": false
  }
},
{
  "model": "quiz.choice",
  "pk": 28,
  "fields": {
    "question": 79,
    "text": "566",
    "is_correct": true
  }
},
{
  "model": "quiz.choice",
  "pk": 29,
  "fields": {
    "question": 78,
    "text": "275",
    "is_correct": true
  }
},
{
  "model": "quiz.choice",
  "pk": 30,
  "fields": {
    "question": 78,
    "text": "391",
    "is_correct": false
  }
},
{
  "model": "quiz.choice",
  "pk": 31,
  "fields": {
    "question": 78,
    "text": "250",
    "is_correct": false
  }
},
{
  "model": "quiz.choice",
  "pk": 32,
  "fields": {
    "question": 78,
    "text": "375",
    "is_correct": false
  }
},
{
  "model": "quiz.choice",
  "pk": 33,
  "fields": {
    "question": 77,
    "text": "10",
    "is_correct": false
  }
},
{
  "model": "quiz.choice",
  "pk": 34,
  "fields": {
    "question": 77,
    "text": "15",
    "is_correct": true
  }
},
{
  "model": "quiz.choice",
  "pk": 35,
  "fields": {
    "question": 77,
    "text": "16",
    "is_correct": false
  }
},
{
  "model": "quiz.choice",
  "pk": 36,
  "fields": {
    "question": 77,
    "text": "17",
    "is_correct": false
  }
},
{
  "model": "quiz.choice",
  "pk": 37,
  "fields": {
    "question": 76,
    "text": "268",
    "is_correct": true
  }
},
{
  "model": "quiz.choice",
  "pk": 38,
  "fields": {
    "question": 76,
    "text": "267",
    "is_correct": false
  }
},
{
  "model": "quiz.choice",
  "pk": 39,
  "fields": {
    "question": 76,
    "text": "301",
    "is_correct": false
  }
},
{
  "model": "quiz.choice",
  "pk": 40,
  "fields": {
    "question": 76,
    "text": "208",
    "is_correct": false
  }
},
{
  "model": "quiz.choice",
  "pk": 41,
  "fields": {
    "question": 75,
    "text": "42",
    "is_correct": true
  }
},
{
  "model": "quiz.choice",
  "pk": 42,
  "fields": {
    "question": 75,
    "text": "44",
    "is_correct": false
  }
},
{
  "model": "quiz.choice",
  "pk": 43,
  "fields": {
    "question": 75,
    "text": "56",
    "is_correct": false
  }
},
{
  "model": "quiz.choice",
  "pk": 44,
  "fields": {
    "question": 75,
    "text": "36",
    "is_correct": false
  }
},
{
  "model": "quiz.choice",
  "pk": 45,
  "fields": {
    "question": 74,
    "text": "45",
    "is_correct": true
  }
},
{
  "model": "quiz.choice",
  "pk": 46,
  "fields": {
    "question": 74,
    "text": "35",
    "is_correct": false
  }
},
{
  "model": "quiz.choice",
  "pk": 47,
  "fields": {
    "question": 74,
    "text": "55",
    "is_correct": false
  }
},
{
  "model": "quiz.choice",
  "pk": 48,
  "fields": {
    "question": 74,
    "text": "65",
    "is_correct": false
  }
},
{
  "model": "quiz.choice",
  "pk": 49,
  "fields": {
    "question": 73,
    "text": "36",
    "is_correct": false
  }
},
{
  "model": "quiz.choice",
  "pk": 50,
  "fields": {
    "question": 73,
    "text": "34",
    "is_correct": false
  }
},
{
  "model": "quiz.choice",
  "pk": 51,
  "fields": {
    "question": 73,
    "text": "32",
    "is_correct": true
  }
},
{
  "model": "quiz.choice",
  "pk": 52,
  "fields": {
    "question": 73,
    "text": "22",
    "is_correct": false
  }
},
{
  "model": "quiz.choice",
  "pk": 53,
  "fields": {
    "question": 72,
    "text": "20",
    "is_correct": false
  }
},
{
  "model": "quiz.choice",
  "pk": 54,
  "fields": {
    "question": 72,
    "text": "34",
    "is_correct": false
  }
},
{
  "model": "quiz.choice",
  "pk": 55,
  "fields": {
    "question": 72,
    "text": "12",
    "is_correct": true
  }
},
{
  "model": "quiz.choice",
  "pk": 56,
  "fields": {
    "question": 72,
    "text": "43",
    "is_correct": false
  }
},
{
  "model": "quiz.choice",
  "pk": 57,
  "fields": {
    "question": 71,
    "text": "21",
    "is_correct": true
  }
},
{
  "model": "quiz.choice",
  "pk": 58,
  "fields": {
    "question": 71,
    "text": "73",
    "is_correct": false
  }
},
{
  "model": "quiz.choice",
  "pk": 59,
  "fields": {
    "question": 71,
    "text": "37",
    "is_correct": false
  }
},
{
  "model": "quiz.choice",
  "pk": 60,
  "fields": {
    "question": 71,
    "text": "23",
    "is_correct": false
  }
},
{
  "model": "quiz.choice",
  "pk": 61,
  "fields": {
    "question": 70,
    "text": "29",
    "is_correct": false
  }
},
{
  "model": "quiz.choice",
  "pk": 62,
  "fields": {
    "question": 70,
    "text": "39",
    "is_correct": false
  }
},
{
  "model": "quiz.choice",
  "pk": 63,
  "fields": {
    "question": 70,
    "text": "93",
    "is_correct": false
  }
},
{
  "model": "quiz.choice",
  "pk": 64,
  "fields": {
    "question": 70,
    "text": "27",
    "is_correct": true
  }
},
{
  "model": "quiz.choice",
  "pk": 65,
  "fields": {
    "question": 69,
    "text": "35",
    "is_correct": false
  }
},
{
  "model": "quiz.choice",
  "pk": 66,
  "fields": {
    "question": 69,
    "text": "30",
    "is_correct": true
  }
},
{
  "model": "quiz.choice",
  "pk": 67,
  "fields": {
    "question": 69,
    "text": "55",
    "is_correct": false
  }
},
{
  "model": "quiz.choice",
  "pk": 68,
  "fields": {
    "question": 69,
    "text": "45",
    "is_correct": false
  }
},
{
  "model": "quiz.choice",
  "pk": 69,
  "fields": {
    "question": 68,
    "text": "48",
    "is_correct": false
  }
},
{
  "model": "quiz.choice",
  "pk": 70,
  "fields": {
    "question": 68,
    "text": "28",
    "is_correct": false
  }
},
{
  "model": "quiz.choice",
  "pk": 71,
  "fields": {
    "question": 68,
    "text": "68",
    "is_correct": false
  }
},
{
  "model": "quiz.choice",
  "pk": 72,
  "fields": {
    "question": 68,
    "text": "72",
    "is_correct": true
  }
},
{
  "model": "quiz.choice",
  "pk": 73,
  "fields": {
    "question": 67,
    "text": "18",
    "is_correct": true
  }
},
{
  "model": "quiz.choice",
  "pk": 74,
  "fields": {
    "question": 67,
    "text": "39",
    "is_correct": false
  }
},
{
  "model": "quiz.choice",
  "pk": 75,
  "fields": {
    "question": 67,
    "text": "29",
    "is_correct": false
  }
},
{
  "model": "quiz.choice",
  "pk": 76,
  "fields": {
    "question": 67,
    "text": "99",
    "is_correct": false
  }
},
{
  "model": "quiz.choice",
  "pk": 77,
  "fields": {
    "question": 66,
    "text": "85",
    "is_correct": false
  }
},
{
  "model": "quiz.choice",
  "pk": 78,
  "fields": {
    "question": 66,
    "text": "900",
    "is_correct": false
  }
},
{
  "model": "quiz.choice",
  "pk": 79,
  "fields": {
    "question": 66,
    "text": "90",
    "is_correct": true
  }
},
{
  "model": "quiz.choice",
  "pk": 80,
  "fields": {
    "question": 66,
    "text": "35",
    "is_correct": false
  }
},
{
  "model": "quiz.choice",
  "pk": 81,
  "fields": {
    "question": 65,
    "text": "88",
    "is_correct": false
  }
},
{
  "model": "quiz.choice",
  "pk": 82,
  "fields": {
    "question": 65,
    "text": "86",
    "is_correct": true
  }
},
{
  "model": "quiz.choice",
  "pk": 83,
  "fields": {
    "question": 65,
    "text": "76",
    "is_correct": false
  }
},
{
  "model": "quiz.choice",
  "pk": 84,
  "fields": {
    "question": 65,
    "text": "96",
    "is_correct": false
  }
},
{
  "model": "quiz.choice",
  "pk": 85,
  "fields": {
    "question": 64,
    "text": "3",
    "is_correct": true
  }
},
{
  "model": "quiz.choice",
  "pk": 86,
  "fields": {
    "question": 64,
    "text": "24",
    "is_correct": false
  }
},
{
  "model": "quiz.choice",
  "pk": 87,
  "fields": {
    "question": 64,
    "text": "21",
    "is_correct": false
  }
},
{
  "model": "quiz.choice",
  "pk": 88,
  "fields": {
    "question": 64,
    "text": "4",
    "is_correct": false
  }
},
{
  "model": "quiz.choice",
  "pk": 89,
  "fields": {
    "question": 63,
    "text": "43",
    "is_correct": false
  }
},
{
  "model": "quiz.choice",
  "pk": 90,
  "fields": {
    "question": 63,
    "text": "48",
    "is_correct": false
  }
},
{
  "model": "quiz.choice",
  "pk": 91,
  "fields": {
    "question": 63,
    "text": "33",
    "is_correct": false
  }
},
{
  "model": "quiz.choice",
  "pk": 92,
  "fields": {
    "question": 63,
    "text": "23",
    "is_correct": true
  }
},
{
  "model": "quiz.choice",
  "pk": 93,
  "fields": {
    "question": 62,
    "text": "79",
    "is_correct": false
  }
},
{
  "model": "quiz.choice",
  "pk": 94,
  "fields": {
    "question": 62,
    "text": "29",
    "is_correct": false
  }
},
{
  "model": "quiz.choice",
  "pk": 95,
  "fields": {
    "question": 62,
    "text": "69",
    "is_correct": true
  }
},
{
  "model": "quiz.choice",
  "pk": 96,
  "fields": {
    "question": 62,
    "text": "59",
    "is_correct": false
  }
},
{
  "model": "quiz.choice",
  "pk": 97,
  "fields": {
    "question": 61,
    "text": "29",
    "is_correct": false
  }
},
{
  "model": "quiz.choice",
  "pk": 98,
  "fields": {
    "question": 61,
    "text": "31",
    "is_correct": false
  }
},
{
  "model": "quiz.choice",
  "pk": 99,
  "fields": {
    "question": 61,
    "text": "19",
    "is_correct": true
  }
},
{
  "model": "quiz.choice",
  "pk": 100,
  "fields": {
    "question": 61,
    "text": "21",
    "is_correct": false
  }
},
{
  "model": "quiz.choice",
  "pk": 101,
  "fields": {
    "question": 60,
    "text": "68",
    "is_correct": false
  }
},
{
  "model": "quiz.choice",
  "pk": 102,
  "fields": {
    "question": 60,
    "text": "67",
    "is_correct": false
  }
},
{
  "model": "quiz.choice",
  "pk": 103,
  "fields": {
    "question": 60,
    "text": "66",
    "is_correct": false
  }
},
{
  "model": "quiz.choice",
  "pk": 104,
  "fields": {
    "question": 60,
    "text": "58",
    "is_correct": true
  }
},
{
  "model": "quiz.choice",
  "pk": 105,
  "fields": {
    "question": 59,
    "text": "35",
    "is_correct": false
  }
},
{
  "model": "quiz.choice",
  "pk": 106,
  "fields": {
    "question": 59,
    "text": "25",
    "is_correct": true
  }
},
{
  "model": "quiz.choice",
  "pk": 107,
  "fields": {
    "question": 59,
    "text": "45",
    "is_correct": false
  }
},
{
  "model": "quiz.choice",
  "pk": 108,
  "fields": {
    "question": 59,
    "text": "23",
    "is_correct": false
  }
},
{
  "model": "quiz.choice",
  "pk": 109,
  "fields": {
    "question": 58,
    "text": "25",
    "is_correct": true
  }
},
{
  "model": "quiz.choice",
  "pk": 110,
  "fields": {
    "question": 58,
    "text": "26",
    "is_correct": false
  }
},
{
  "model": "quiz.choice",
  "pk": 111,
  "fields": {
    "question": 58,
    "text": "35",
    "is_correct": false
  }
},
{
  "model": "quiz.choice",
  "pk": 112,
  "fields": {
    "question": 58,
    "text": "36",
    "is_correct": false
  }
},
{
  "model": "quiz.choice",
  "pk": 113,
  "fields": {
    "question": 57,
    "text": "47",
    "is_correct": false
  }
},
{
  "model": "quiz.choice",
  "pk": 114,
  "fields": {
    "question": 57,
    "text": "48",
    "is_correct": false
  }
},
{
  "model": "quiz.choice",
  "pk": 115,
  "fields": {
    "question": 57,
    "text": "59",
    "is_correct": false
  }
},
{
  "model": "quiz.choice",
  "pk": 116,
  "fields": {
    "question": 57,
    "text": "49",
    "is_correct": true
  }
},
{
  "model": "quiz.choice",
  "pk": 117,
  "fields": {
    "question": 56,
    "text": "34",
    "is_correct": false
  }
},
{
  "model": "quiz.choice",
  "pk": 118,
  "fields": {
    "question": 56,
    "text": "43",
    "is_correct": false
  }
},
{
  "model": "quiz.choice",
  "pk": 119,
  "fields": {
    "question": 56,
    "text": "44",
    "is_correct": true
  }
},
{
  "model": "quiz.choice",
  "pk": 120,
  "fields": {
    "question": 56,
    "text": "42",
    "is_correct": false
  }
},
{
  "model": "quiz.choice",
  "pk": 121,
  "fields": {
    "question": 55,
    "text": "129",
    "is_correct": true
  }
},
{
  "model": "quiz.choice",
  "pk": 122,
  "fields": {
    "question": 55,
    "text": "119",
    "is_correct": false
  }
},
{
  "model": "quiz.choice",
  "pk": 123,
  "fields": {
    "question": 55,
    "text": "139",
    "is_correct": false
  }
},
{
  "model": "quiz.choice",
  "pk": 124,
  "fields": {
    "question": 55,
    "text": "109",
    "is_correct": false
  }
},
{
  "model": "quiz.choice",
  "pk": 125,
  "fields": {
    "question": 54,
    "text": "122",
    "is_correct": false
  }
},
{
  "model": "quiz.choice",
  "pk": 126,
  "fields": {
    "question": 54,
    "text": "123",
    "is_correct": true
  }
},
{
  "model": "quiz.choice",
  "pk": 127,
  "fields": {
    "question": 54,
    "text": "121",
    "is_correct": false
  }
},
{
  "model": "quiz.choice",
  "pk": 128,
  "fields": {
    "question": 54,
    "text": "125",
    "is_correct": false
  }
},
{
  "model": "quiz.choice",
  "pk": 129,
  "fields": {
    "question": 53,
    "text": "102",
    "is_correct": false
  }
},
{
  "model": "quiz.choice",
  "pk": 130,
  "fields": {
    "question": 53,
    "text": "175",
    "is_correct": false
  }
},
{
  "model": "quiz.choice",
  "pk": 131,
  "fields": {
    "question": 53,
    "text": "115",
    "is_correct": false
  }
},
{
  "model": "quiz.choice",
  "pk": 132,
  "fields": {
    "question": 53,
    "text": "107",
    "is_correct": true
  }
},
{
  "model": "quiz.choice",
  "pk": 133,
  "fields": {
    "question": 52,
    "text": "78",
    "is_correct": false
  }
},
{
  "model": "quiz.choice",
  "pk": 134,
  "fields": {
    "question": 52,
    "text": "76",
    "is_correct": false
  }
},
{
  "model": "quiz.choice",
  "pk": 135,
  "fields": {
    "question": 52,
    "text": "77",
    "is_correct": true
  }
},
{
  "model": "quiz.choice",
  "pk": 136,
  "fields": {
    "question": 52,
    "text": "74",
    "is_correct": false
  }
},
{
  "model": "quiz.choice",
  "pk": 137,
  "fields": {
    "question": 46,
    "text": "5",
    "is_correct": false
  }
},
{
  "model": "quiz.choice",
  "pk": 138,
  "fields": {
    "question": 46,
    "text": "4",
    "is_correct": true
  }
},
{
  "model": "quiz.choice",
  "pk": 139,
  "fields": {
    "question": 46,
    "text": "6",
    "is_correct": false
  }
},
{
  "model": "quiz.choice",
  "pk": 140,
  "fields": {
    "question": 46,
    "text": "7",
    "is_correct": false
  }
},
{
  "model": "quiz.choice",
  "pk": 141,
  "fields": {
    "question": 47,
    "text": "89",
    "is_correct": true
  }
},
{
  "model": "quiz.choice",
  "pk": 142,
  "fields": {
    "question": 47,
    "text": "79",
    "is_correct": false
  }
},
{
  "model": "quiz.choice",
  "pk": 143,
  "fields": {
    "question": 47,
    "text": "69",
    "is_correct": false
  }
},
{
  "model": "quiz.choice",
  "pk": 144,
  "fields": {
    "question": 47,
    "text": "85",
    "is_correct": false
  }
},
{
  "model": "quiz.choice",
  "pk": 145,
  "fields": {
    "question": 48,
    "text": "101",
    "is_correct": false
  }
},
{
  "model": "quiz.choice",
  "pk": 146,
  "fields": {
    "question": 48,
    "text": "102",
    "is_correct": true
  }
},
{
  "model": "quiz.choice",
  "pk": 147,
  "fields": {
    "question": 48,
    "text": "103",
    "is_correct": false
  }
},
{
  "model": "quiz.choice",
  "pk": 148,
  "fields": {
    "question": 48,
    "text": "107",
    "is_correct": false
  }
},
{
  "model": "quiz.choice",
  "pk": 149,
  "fields": {
    "question": 49,
    "text": "76",
    "is_correct": false
  }
},
{
  "model": "quiz.choice",
  "pk": 150,
  "fields": {
    "question": 49,
    "text": "66",
    "is_correct": false
  }
},
{
  "model": "quiz.choice",
  "pk": 151,
  "fields": {
    "question": 49,
    "text": "65",
    "is_correct": true
  }
},
{
  "model": "quiz.choice",
  "pk": 152,
  "fields": {
    "question": 49,
    "text": "63",
    "is_correct": false
  }
},
{
  "model": "quiz.choice",
  "pk": 153,
  "fields": {
    "question": 50,
    "text": "51",
    "is_correct": false
  }
},
{
  "model": "quiz.choice",
  "pk": 154,
  "fields": {
    "question": 50,
    "text": "71",
    "is_correct": false
  }
},
{
  "model": "quiz.choice",
  "pk": 155,
  "fields": {
    "question": 50,
    "text": "68",
    "is_correct": false
  }
},
{
  "model": "quiz.choice",
  "pk": 156,
  "fields": {
    "question": 50,
    "text": "58",
    "is_correct": true
  }
},
{
  "model": "quiz.choice",
  "pk": 157,
  "fields": {
    "question": 51,
    "text": "102",
    "is_correct": true
  }
},
{
  "model": "quiz.choice",
  "pk": 158,
  "fields": {
    "question": 51,
    "text": "101",
    "is_correct": false
  }
},
{
  "model": "quiz.choice",
  "pk": 159,
  "fields": {
    "question": 51,
    "text": "95",
    "is_correct": false
  }
},
{
  "model": "quiz.choice",
  "pk": 160,
  "fields": {
    "question": 51,
    "text": "96",
    "is_correct": false
  }
}
]
